use musical_player;

-- FILL GENRES
INSERT INTO Genre (Title) VALUES("Rap");
INSERT INTO Genre (Title) VALUES("Hip-Hop");

-- FILL ARTISTS
INSERT INTO Artist (Name) VALUES("NF");
INSERT INTO Artist (Name) VALUES("Hopsin");
INSERT INTO Artist (Name) VALUES("Tech N9ne");

-- FILL ALBUMS
INSERT INTO Album (Title, Artist_idArtist) VALUES ("Therapy Session", 1);
INSERT INTO Album (Title, Artist_idArtist) VALUES ("Mansion", 1);
INSERT INTO Album (Title, Artist_idArtist) VALUES ("Clouds", 1);
INSERT INTO Album (Title, Artist_idArtist) VALUES ("Raw", 2);
INSERT INTO Album (Title, Artist_idArtist) VALUES ("Haywire", 2);
INSERT INTO Album (Title, Artist_idArtist) VALUES ("Knock Madness", 2);
INSERT INTO Album (Title, Artist_idArtist) VALUES ("Rollin' Stone", 3);
INSERT INTO Album (Title, Artist_idArtist) VALUES ("Strangeulation Vol. II", 3);
INSERT INTO Album (Title, Artist_idArtist) VALUES ("ASIN9NE", 3);

-- FILL TRACKS
INSERT INTO Track (Title) VALUES ("");
INSERT INTO Track (Title) VALUES("Intro 2");
INSERT INTO Track (Title) VALUES("Therapy Session");
INSERT INTO Track (Title) VALUES("I Just Wanna Know");
INSERT INTO Track (Title) VALUES("How Could You Leave Us");
INSERT INTO Track (Title) VALUES("Breathe");
INSERT INTO Track (Title) VALUES("Real");
INSERT INTO Track (Title) VALUES("Oh Lord");
INSERT INTO Track (Title) VALUES("I Can Feel It");
INSERT INTO Track (Title) VALUES("Got You On My Mind");
INSERT INTO Track (Title) VALUES("Grindin'");
INSERT INTO Track (Title) VALUES("Wish You Wouldn't");
INSERT INTO Track (Title) VALUES("Statement");
INSERT INTO Track (Title) VALUES("All I Do");
INSERT INTO Track (Title) VALUES("Lost In The Moment");
DELETE FROM Track WHERE idTrack = 1;

-- Mansion
INSERT INTO Track (Title) VALUES("Intro");
INSERT INTO Track (Title) VALUES("Mansion");
INSERT INTO Track (Title) VALUES("All I Have");
INSERT INTO Track (Title) VALUES("Wait");
INSERT INTO Track (Title) VALUES("Wake Up");
INSERT INTO Track (Title) VALUES("Face It");
INSERT INTO Track (Title) VALUES("Motivated");
INSERT INTO Track (Title) VALUES("Notepad");
INSERT INTO Track (Title) VALUES("Turn The Music Up");
INSERT INTO Track (Title) VALUES("Paralyzed");
INSERT INTO Track (Title) VALUES("I'll Keep On");
INSERT INTO Track (Title) VALUES("Can You Hold Me");

-- CLOUDS
INSERT INTO Track (Title) VALUES("CLOUDS");
INSERT INTO Track (Title) VALUES("THAT'S A JOKE");
INSERT INTO Track (Title) VALUES("JUST LIKE YOU");
INSERT INTO Track (Title) VALUES("STORY");
INSERT INTO Track (Title) VALUES("PRIDEFUL");
INSERT INTO Track (Title) VALUES("LOST"); -- feat. hopsin
INSERT INTO Track (Title) VALUES("LAYERS");
INSERT INTO Track (Title) VALUES("DRIFTING");
INSERT INTO Track (Title) VALUES("TRUST"); -- feat. n9
INSERT INTO Track (Title) VALUES("PAID MY DUES");

-- Raw 
INSERT INTO Track (Title) VALUES("Hot");
INSERT INTO Track (Title) VALUES("Sag My Pants");
INSERT INTO Track (Title) VALUES("You Are My Enemy");
INSERT INTO Track (Title) VALUES("Trampoline");
INSERT INTO Track (Title) VALUES("I'm Not Introducing You");
INSERT INTO Track (Title) VALUES("I Can't Decide");
INSERT INTO Track (Title) VALUES("I Am Raw");
INSERT INTO Track (Title) VALUES("Nocturnal Rainbows");
INSERT INTO Track (Title) VALUES("How You Like Me Now");
INSERT INTO Track (Title) VALUES("Heather Nicole");
INSERT INTO Track (Title) VALUES("Kill Her");
INSERT INTO Track (Title) VALUES("I'm Not Crazy");
INSERT INTO Track (Title) VALUES("Where Will I Go");
INSERT INTO Track (Title) VALUES("Baby's Daddy");
INSERT INTO Track (Title) VALUES("Blood Energy Potion");
INSERT INTO Track (Title) VALUES("Pillow Man");

-- Haywire
INSERT INTO Track (Title) VALUES("Funk Volume");
INSERT INTO Track (Title) VALUES("Bad Motherf*cker");
INSERT INTO Track (Title) VALUES("Too Far Gone");
INSERT INTO Track (Title) VALUES("It's All Good Now");
INSERT INTO Track (Title) VALUES("Lucifer Effect");
INSERT INTO Track (Title) VALUES("I Make The World Spin");
INSERT INTO Track (Title) VALUES("Blow A Cloud");
INSERT INTO Track (Title) VALUES("Turn It Up");
INSERT INTO Track (Title) VALUES("Really Wanna Know");
INSERT INTO Track (Title) VALUES("The Hop Train");
INSERT INTO Track (Title) VALUES("Low-Dough");
INSERT INTO Track (Title) VALUES("Cover Up");
INSERT INTO Track (Title) VALUES("Ramble");
INSERT INTO Track (Title) VALUES("Leave Me Alone");

-- Knock Madness
INSERT INTO Track (Title) VALUES("Fiends Are Knocking");
INSERT INTO Track (Title) VALUES("Hop Is Back");
INSERT INTO Track (Title) VALUES("Who's There");
INSERT INTO Track (Title) VALUES("Tears To Snow");
INSERT INTO Track (Title) VALUES("Rip Your Heart Out");
INSERT INTO Track (Title) VALUES("Nollie Tre Flip");
INSERT INTO Track (Title) VALUES("Give Me That Money");
INSERT INTO Track (Title) VALUES("I Need Help");
INSERT INTO Track (Title) VALUES("Hip-Hop Sinister");
INSERT INTO Track (Title) VALUES("Good Guys Get Left Behind");
INSERT INTO Track (Title) VALUES("Bad Manners Freestyle");
INSERT INTO Track (Title) VALUES("Old Friend");
INSERT INTO Track (Title) VALUES("Still Got Love For You");
INSERT INTO Track (Title) VALUES("Jungle Bash");
INSERT INTO Track (Title) VALUES("Lunch Time Cyper");
INSERT INTO Track (Title) VALUES("Dream Forever.");
INSERT INTO Track (Title) VALUES("What's My Purpose");
INSERT INTO Track (Title) VALUES("Caught In The Rain.");

-- Rollin' Stone
INSERT INTO Track (Title) VALUES("Intro");
INSERT INTO Track (Title) VALUES("Get Buck");
INSERT INTO Track (Title) VALUES("808 Bendin'");
INSERT INTO Track (Title) VALUES("Perfect Stranger");
INSERT INTO Track (Title) VALUES("Cast Out");
INSERT INTO Track (Title) VALUES("Keep My Name Out Your Mouth");
INSERT INTO Track (Title) VALUES("Oneness");
INSERT INTO Track (Title) VALUES("My Remedy (Skit)");
INSERT INTO Track (Title) VALUES("My Remedy");
INSERT INTO Track (Title) VALUES("Dollar General");
INSERT INTO Track (Title) VALUES("Raw Talk");
INSERT INTO Track (Title) VALUES("Goin' Down");
INSERT INTO Track (Title) VALUES("Mosh");
INSERT INTO Track (Title) VALUES("2 Far");
INSERT INTO Track (Title) VALUES("My Life");
INSERT INTO Track (Title) VALUES("The Road");

-- Strangeulation Vol. II
INSERT INTO Track (Title) VALUES("Praise KOD ");
INSERT INTO Track (Title) VALUES("Strangeulation Vol. II Cypher I");
INSERT INTO Track (Title) VALUES("PBSA");
INSERT INTO Track (Title) VALUES("Push Start");
INSERT INTO Track (Title) VALUES("Slow to Me");
INSERT INTO Track (Title) VALUES("Strangeulation Vol. II Cypher II");
INSERT INTO Track (Title) VALUES("MMM");
INSERT INTO Track (Title) VALUES("Intruders");
INSERT INTO Track (Title) VALUES("Tell Me If I’m Trippin");
INSERT INTO Track (Title) VALUES("We Just Wanna Party");
INSERT INTO Track (Title) VALUES("Muah");
INSERT INTO Track (Title) VALUES("Strangeulation Vol. II Cypher III");
INSERT INTO Track (Title) VALUES("Fired");
INSERT INTO Track (Title) VALUES("Real With Yourself");
INSERT INTO Track (Title) VALUES("Chilly Rub");
INSERT INTO Track (Title) VALUES("Strangeulation Vol. II Cypher IV");
INSERT INTO Track (Title) VALUES("Wake and Bake");
INSERT INTO Track (Title) VALUES("Message to MURS");
INSERT INTO Track (Title) VALUES("Blunt and a Ho");
INSERT INTO Track (Title) VALUES("Strangeulation Vol. II Cypher V");
INSERT INTO Track (Title) VALUES("Actin Like You Know");
INSERT INTO Track (Title) VALUES("Torrid");
INSERT INTO Track (Title) VALUES("Strange (Outro)");

-- ASIN9NE
INSERT INTO Track (Title) VALUES("The Herder");
INSERT INTO Track (Title) VALUES("I DON'T FIT");
INSERT INTO Track (Title) VALUES("Kickiter");
INSERT INTO Track (Title) VALUES("Too Good");
INSERT INTO Track (Title) VALUES("No See Umz");
INSERT INTO Track (Title) VALUES("Face Off");
INSERT INTO Track (Title) VALUES("Clydesdale");
INSERT INTO Track (Title) VALUES("Still Right Here");
INSERT INTO Track (Title) VALUES("Take Your Halo");
INSERT INTO Track (Title) VALUES("Knock That Noodle");
INSERT INTO Track (Title) VALUES("Heightened");
INSERT INTO Track (Title) VALUES("WHAT RHYMES WITH THREAT'LL KILL YA");
INSERT INTO Track (Title) VALUES("I Been Thru A Lot");
INSERT INTO Track (Title) VALUES("Dial It Back");
INSERT INTO Track (Title) VALUES("Zaza");
INSERT INTO Track (Title) VALUES("Close Your Eyes");
INSERT INTO Track (Title) VALUES("Special");

-- Albums to tracks
INSERT INTO Album_has_Track (Track_idTrack, Album_idAlbum) VALUES (2,1);
INSERT INTO Album_has_Track (Track_idTrack, Album_idAlbum) VALUES (3,1);
INSERT INTO Album_has_Track (Track_idTrack, Album_idAlbum) VALUES (4,1);
INSERT INTO Album_has_Track (Track_idTrack, Album_idAlbum) VALUES (5,1);
INSERT INTO Album_has_Track (Track_idTrack, Album_idAlbum) VALUES (6,1);
INSERT INTO Album_has_Track (Track_idTrack, Album_idAlbum) VALUES (7,1);
INSERT INTO Album_has_Track (Track_idTrack, Album_idAlbum) VALUES (8,1);
INSERT INTO Album_has_Track (Track_idTrack, Album_idAlbum) VALUES (9,1);
INSERT INTO Album_has_Track (Track_idTrack, Album_idAlbum) VALUES (10,1);
INSERT INTO Album_has_Track (Track_idTrack, Album_idAlbum) VALUES (11,1);
INSERT INTO Album_has_Track (Track_idTrack, Album_idAlbum) VALUES (12,1);
INSERT INTO Album_has_Track (Track_idTrack, Album_idAlbum) VALUES (13,1);
INSERT INTO Album_has_Track (Track_idTrack, Album_idAlbum) VALUES (14,1);
INSERT INTO Album_has_Track (Track_idTrack, Album_idAlbum) VALUES (15,1);

INSERT INTO Album_has_Track (Track_idTrack, Album_idAlbum) VALUES (16,2);
INSERT INTO Album_has_Track (Track_idTrack, Album_idAlbum) VALUES (17,2);
INSERT INTO Album_has_Track (Track_idTrack, Album_idAlbum) VALUES (18,2);
INSERT INTO Album_has_Track (Track_idTrack, Album_idAlbum) VALUES (19,2);
INSERT INTO Album_has_Track (Track_idTrack, Album_idAlbum) VALUES (20,2);
INSERT INTO Album_has_Track (Track_idTrack, Album_idAlbum) VALUES (21,2);
INSERT INTO Album_has_Track (Track_idTrack, Album_idAlbum) VALUES (22,2);
INSERT INTO Album_has_Track (Track_idTrack, Album_idAlbum) VALUES (23,2);
INSERT INTO Album_has_Track (Track_idTrack, Album_idAlbum) VALUES (24,2);
INSERT INTO Album_has_Track (Track_idTrack, Album_idAlbum) VALUES (25,2);
INSERT INTO Album_has_Track (Track_idTrack, Album_idAlbum) VALUES (26,2);
INSERT INTO Album_has_Track (Track_idTrack, Album_idAlbum) VALUES (27,2);

INSERT INTO Album_has_Track (Track_idTrack, Album_idAlbum) VALUES (28,3);
INSERT INTO Album_has_Track (Track_idTrack, Album_idAlbum) VALUES (29,3);
INSERT INTO Album_has_Track (Track_idTrack, Album_idAlbum) VALUES (30,3);
INSERT INTO Album_has_Track (Track_idTrack, Album_idAlbum) VALUES (31,3);
INSERT INTO Album_has_Track (Track_idTrack, Album_idAlbum) VALUES (32,3);
INSERT INTO Album_has_Track (Track_idTrack, Album_idAlbum) VALUES (33,3);
INSERT INTO Album_has_Track (Track_idTrack, Album_idAlbum) VALUES (34,3);
INSERT INTO Album_has_Track (Track_idTrack, Album_idAlbum) VALUES (35,3);
INSERT INTO Album_has_Track (Track_idTrack, Album_idAlbum) VALUES (36,3);
INSERT INTO Album_has_Track (Track_idTrack, Album_idAlbum) VALUES (37,3);

INSERT INTO Album_has_Track (Track_idTrack, Album_idAlbum) VALUES (38,4);
INSERT INTO Album_has_Track (Track_idTrack, Album_idAlbum) VALUES (39,4);
INSERT INTO Album_has_Track (Track_idTrack, Album_idAlbum) VALUES (40,4);
INSERT INTO Album_has_Track (Track_idTrack, Album_idAlbum) VALUES (41,4);
INSERT INTO Album_has_Track (Track_idTrack, Album_idAlbum) VALUES (42,4);
INSERT INTO Album_has_Track (Track_idTrack, Album_idAlbum) VALUES (43,4);
INSERT INTO Album_has_Track (Track_idTrack, Album_idAlbum) VALUES (44,4);
INSERT INTO Album_has_Track (Track_idTrack, Album_idAlbum) VALUES (45,4);
INSERT INTO Album_has_Track (Track_idTrack, Album_idAlbum) VALUES (46,4);
INSERT INTO Album_has_Track (Track_idTrack, Album_idAlbum) VALUES (47,4);
INSERT INTO Album_has_Track (Track_idTrack, Album_idAlbum) VALUES (48,4);
INSERT INTO Album_has_Track (Track_idTrack, Album_idAlbum) VALUES (49,4);
INSERT INTO Album_has_Track (Track_idTrack, Album_idAlbum) VALUES (50,4);
INSERT INTO Album_has_Track (Track_idTrack, Album_idAlbum) VALUES (51,4);
INSERT INTO Album_has_Track (Track_idTrack, Album_idAlbum) VALUES (52,4);
INSERT INTO Album_has_Track (Track_idTrack, Album_idAlbum) VALUES (53,4);

INSERT INTO Album_has_Track (Track_idTrack, Album_idAlbum) VALUES (54,5);
INSERT INTO Album_has_Track (Track_idTrack, Album_idAlbum) VALUES (55,5);
INSERT INTO Album_has_Track (Track_idTrack, Album_idAlbum) VALUES (56,5);
INSERT INTO Album_has_Track (Track_idTrack, Album_idAlbum) VALUES (57,5);
INSERT INTO Album_has_Track (Track_idTrack, Album_idAlbum) VALUES (58,5);
INSERT INTO Album_has_Track (Track_idTrack, Album_idAlbum) VALUES (59,5);
INSERT INTO Album_has_Track (Track_idTrack, Album_idAlbum) VALUES (60,5);
INSERT INTO Album_has_Track (Track_idTrack, Album_idAlbum) VALUES (61,5);
INSERT INTO Album_has_Track (Track_idTrack, Album_idAlbum) VALUES (62,5);
INSERT INTO Album_has_Track (Track_idTrack, Album_idAlbum) VALUES (63,5);
INSERT INTO Album_has_Track (Track_idTrack, Album_idAlbum) VALUES (64,5);
INSERT INTO Album_has_Track (Track_idTrack, Album_idAlbum) VALUES (65,5);
INSERT INTO Album_has_Track (Track_idTrack, Album_idAlbum) VALUES (66,5);
INSERT INTO Album_has_Track (Track_idTrack, Album_idAlbum) VALUES (67,5);

INSERT INTO Album_has_Track (Track_idTrack, Album_idAlbum) VALUES (68,6);
INSERT INTO Album_has_Track (Track_idTrack, Album_idAlbum) VALUES (69,6);
INSERT INTO Album_has_Track (Track_idTrack, Album_idAlbum) VALUES (70,6);
INSERT INTO Album_has_Track (Track_idTrack, Album_idAlbum) VALUES (71,6);
INSERT INTO Album_has_Track (Track_idTrack, Album_idAlbum) VALUES (72,6);
INSERT INTO Album_has_Track (Track_idTrack, Album_idAlbum) VALUES (73,6);
INSERT INTO Album_has_Track (Track_idTrack, Album_idAlbum) VALUES (74,6);
INSERT INTO Album_has_Track (Track_idTrack, Album_idAlbum) VALUES (75,6);
INSERT INTO Album_has_Track (Track_idTrack, Album_idAlbum) VALUES (76,6);
INSERT INTO Album_has_Track (Track_idTrack, Album_idAlbum) VALUES (77,6);
INSERT INTO Album_has_Track (Track_idTrack, Album_idAlbum) VALUES (78,6);
INSERT INTO Album_has_Track (Track_idTrack, Album_idAlbum) VALUES (79,6);
INSERT INTO Album_has_Track (Track_idTrack, Album_idAlbum) VALUES (80,6);
INSERT INTO Album_has_Track (Track_idTrack, Album_idAlbum) VALUES (81,6);
INSERT INTO Album_has_Track (Track_idTrack, Album_idAlbum) VALUES (82,6);
INSERT INTO Album_has_Track (Track_idTrack, Album_idAlbum) VALUES (83,6);
INSERT INTO Album_has_Track (Track_idTrack, Album_idAlbum) VALUES (84,6);
INSERT INTO Album_has_Track (Track_idTrack, Album_idAlbum) VALUES (85,6);

INSERT INTO Album_has_Track (Track_idTrack, Album_idAlbum) VALUES (86,7);
INSERT INTO Album_has_Track (Track_idTrack, Album_idAlbum) VALUES (87,7);
INSERT INTO Album_has_Track (Track_idTrack, Album_idAlbum) VALUES (88,7);
INSERT INTO Album_has_Track (Track_idTrack, Album_idAlbum) VALUES (89,7);
INSERT INTO Album_has_Track (Track_idTrack, Album_idAlbum) VALUES (90,7);
INSERT INTO Album_has_Track (Track_idTrack, Album_idAlbum) VALUES (91,7);
INSERT INTO Album_has_Track (Track_idTrack, Album_idAlbum) VALUES (92,7);
INSERT INTO Album_has_Track (Track_idTrack, Album_idAlbum) VALUES (93,7);
INSERT INTO Album_has_Track (Track_idTrack, Album_idAlbum) VALUES (94,7);
INSERT INTO Album_has_Track (Track_idTrack, Album_idAlbum) VALUES (95,7);
INSERT INTO Album_has_Track (Track_idTrack, Album_idAlbum) VALUES (96,7);
INSERT INTO Album_has_Track (Track_idTrack, Album_idAlbum) VALUES (97,7);
INSERT INTO Album_has_Track (Track_idTrack, Album_idAlbum) VALUES (98,7);
INSERT INTO Album_has_Track (Track_idTrack, Album_idAlbum) VALUES (99,7);
INSERT INTO Album_has_Track (Track_idTrack, Album_idAlbum) VALUES (100,7);
INSERT INTO Album_has_Track (Track_idTrack, Album_idAlbum) VALUES (101,7);

INSERT INTO Album_has_Track (Track_idTrack, Album_idAlbum) VALUES (102,8);
INSERT INTO Album_has_Track (Track_idTrack, Album_idAlbum) VALUES (103,8);
INSERT INTO Album_has_Track (Track_idTrack, Album_idAlbum) VALUES (104,8);
INSERT INTO Album_has_Track (Track_idTrack, Album_idAlbum) VALUES (105,8);
INSERT INTO Album_has_Track (Track_idTrack, Album_idAlbum) VALUES (106,8);
INSERT INTO Album_has_Track (Track_idTrack, Album_idAlbum) VALUES (107,8);
INSERT INTO Album_has_Track (Track_idTrack, Album_idAlbum) VALUES (108,8);
INSERT INTO Album_has_Track (Track_idTrack, Album_idAlbum) VALUES (109,8);
INSERT INTO Album_has_Track (Track_idTrack, Album_idAlbum) VALUES (110,8);
INSERT INTO Album_has_Track (Track_idTrack, Album_idAlbum) VALUES (111,8);
INSERT INTO Album_has_Track (Track_idTrack, Album_idAlbum) VALUES (112,8);
INSERT INTO Album_has_Track (Track_idTrack, Album_idAlbum) VALUES (113,8);
INSERT INTO Album_has_Track (Track_idTrack, Album_idAlbum) VALUES (114,8);
INSERT INTO Album_has_Track (Track_idTrack, Album_idAlbum) VALUES (115,8);
INSERT INTO Album_has_Track (Track_idTrack, Album_idAlbum) VALUES (116,8);
INSERT INTO Album_has_Track (Track_idTrack, Album_idAlbum) VALUES (117,8);
INSERT INTO Album_has_Track (Track_idTrack, Album_idAlbum) VALUES (118,8);
INSERT INTO Album_has_Track (Track_idTrack, Album_idAlbum) VALUES (119,8);
INSERT INTO Album_has_Track (Track_idTrack, Album_idAlbum) VALUES (120,8);
INSERT INTO Album_has_Track (Track_idTrack, Album_idAlbum) VALUES (121,8);
INSERT INTO Album_has_Track (Track_idTrack, Album_idAlbum) VALUES (122,8);
INSERT INTO Album_has_Track (Track_idTrack, Album_idAlbum) VALUES (123,8);
INSERT INTO Album_has_Track (Track_idTrack, Album_idAlbum) VALUES (124,8);

INSERT INTO Album_has_Track (Track_idTrack, Album_idAlbum) VALUES (125,9);
INSERT INTO Album_has_Track (Track_idTrack, Album_idAlbum) VALUES (126,9);
INSERT INTO Album_has_Track (Track_idTrack, Album_idAlbum) VALUES (127,9);
INSERT INTO Album_has_Track (Track_idTrack, Album_idAlbum) VALUES (128,9);
INSERT INTO Album_has_Track (Track_idTrack, Album_idAlbum) VALUES (129,9);
INSERT INTO Album_has_Track (Track_idTrack, Album_idAlbum) VALUES (130,9);
INSERT INTO Album_has_Track (Track_idTrack, Album_idAlbum) VALUES (131,9);
INSERT INTO Album_has_Track (Track_idTrack, Album_idAlbum) VALUES (132,9);
INSERT INTO Album_has_Track (Track_idTrack, Album_idAlbum) VALUES (133,9);
INSERT INTO Album_has_Track (Track_idTrack, Album_idAlbum) VALUES (134,9);
INSERT INTO Album_has_Track (Track_idTrack, Album_idAlbum) VALUES (135,9);
INSERT INTO Album_has_Track (Track_idTrack, Album_idAlbum) VALUES (136,9);
INSERT INTO Album_has_Track (Track_idTrack, Album_idAlbum) VALUES (137,9);
INSERT INTO Album_has_Track (Track_idTrack, Album_idAlbum) VALUES (138,9);
INSERT INTO Album_has_Track (Track_idTrack, Album_idAlbum) VALUES (139,9);
INSERT INTO Album_has_Track (Track_idTrack, Album_idAlbum) VALUES (140,9);
INSERT INTO Album_has_Track (Track_idTrack, Album_idAlbum) VALUES (141,9);

-- Artists to tracks
INSERT INTO Track_has_Artist (Track_idTrack, Artist_idArtist) VALUES(2,1);
INSERT INTO Track_has_Artist (Track_idTrack, Artist_idArtist) VALUES(3,1);
INSERT INTO Track_has_Artist (Track_idTrack, Artist_idArtist) VALUES(4,1);
INSERT INTO Track_has_Artist (Track_idTrack, Artist_idArtist) VALUES(5,1);
INSERT INTO Track_has_Artist (Track_idTrack, Artist_idArtist) VALUES(6,1);
INSERT INTO Track_has_Artist (Track_idTrack, Artist_idArtist) VALUES(7,1);
INSERT INTO Track_has_Artist (Track_idTrack, Artist_idArtist) VALUES(8,1);
INSERT INTO Track_has_Artist (Track_idTrack, Artist_idArtist) VALUES(9,1);
INSERT INTO Track_has_Artist (Track_idTrack, Artist_idArtist) VALUES(10,1);
INSERT INTO Track_has_Artist (Track_idTrack, Artist_idArtist) VALUES(11,1);
INSERT INTO Track_has_Artist (Track_idTrack, Artist_idArtist) VALUES(12,1);
INSERT INTO Track_has_Artist (Track_idTrack, Artist_idArtist) VALUES(13,1);
INSERT INTO Track_has_Artist (Track_idTrack, Artist_idArtist) VALUES(14,1);
INSERT INTO Track_has_Artist (Track_idTrack, Artist_idArtist) VALUES(15,1);
INSERT INTO Track_has_Artist (Track_idTrack, Artist_idArtist) VALUES(16,1);
INSERT INTO Track_has_Artist (Track_idTrack, Artist_idArtist) VALUES(17,1);
INSERT INTO Track_has_Artist (Track_idTrack, Artist_idArtist) VALUES(18,1);
INSERT INTO Track_has_Artist (Track_idTrack, Artist_idArtist) VALUES(19,1);
INSERT INTO Track_has_Artist (Track_idTrack, Artist_idArtist) VALUES(20,1);
INSERT INTO Track_has_Artist (Track_idTrack, Artist_idArtist) VALUES(21,1);
INSERT INTO Track_has_Artist (Track_idTrack, Artist_idArtist) VALUES(22,1);
INSERT INTO Track_has_Artist (Track_idTrack, Artist_idArtist) VALUES(23,1);
INSERT INTO Track_has_Artist (Track_idTrack, Artist_idArtist) VALUES(24,1);
INSERT INTO Track_has_Artist (Track_idTrack, Artist_idArtist) VALUES(25,1);
INSERT INTO Track_has_Artist (Track_idTrack, Artist_idArtist) VALUES(26,1);
INSERT INTO Track_has_Artist (Track_idTrack, Artist_idArtist) VALUES(27,1);
INSERT INTO Track_has_Artist (Track_idTrack, Artist_idArtist) VALUES(28,1);
INSERT INTO Track_has_Artist (Track_idTrack, Artist_idArtist) VALUES(29,1);
INSERT INTO Track_has_Artist (Track_idTrack, Artist_idArtist) VALUES(30,1);
INSERT INTO Track_has_Artist (Track_idTrack, Artist_idArtist) VALUES(31,1);
INSERT INTO Track_has_Artist (Track_idTrack, Artist_idArtist) VALUES(32,1);
INSERT INTO Track_has_Artist (Track_idTrack, Artist_idArtist) VALUES(33,1);
INSERT INTO Track_has_Artist (Track_idTrack, Artist_idArtist) VALUES(33,2);
INSERT INTO Track_has_Artist (Track_idTrack, Artist_idArtist) VALUES(34,1);
INSERT INTO Track_has_Artist (Track_idTrack, Artist_idArtist) VALUES(35,1);
INSERT INTO Track_has_Artist (Track_idTrack, Artist_idArtist) VALUES(36,1);
INSERT INTO Track_has_Artist (Track_idTrack, Artist_idArtist) VALUES(37,1);

INSERT INTO Track_has_Artist (Track_idTrack, Artist_idArtist) VALUES(38,2);
INSERT INTO Track_has_Artist (Track_idTrack, Artist_idArtist) VALUES(39,2);
INSERT INTO Track_has_Artist (Track_idTrack, Artist_idArtist) VALUES(40,2);
INSERT INTO Track_has_Artist (Track_idTrack, Artist_idArtist) VALUES(41,2);
INSERT INTO Track_has_Artist (Track_idTrack, Artist_idArtist) VALUES(42,2);
INSERT INTO Track_has_Artist (Track_idTrack, Artist_idArtist) VALUES(43,2);
INSERT INTO Track_has_Artist (Track_idTrack, Artist_idArtist) VALUES(44,2);
INSERT INTO Track_has_Artist (Track_idTrack, Artist_idArtist) VALUES(45,2);
INSERT INTO Track_has_Artist (Track_idTrack, Artist_idArtist) VALUES(46,2);
INSERT INTO Track_has_Artist (Track_idTrack, Artist_idArtist) VALUES(47,2);
INSERT INTO Track_has_Artist (Track_idTrack, Artist_idArtist) VALUES(48,2);
INSERT INTO Track_has_Artist (Track_idTrack, Artist_idArtist) VALUES(49,2);
INSERT INTO Track_has_Artist (Track_idTrack, Artist_idArtist) VALUES(50,2);
INSERT INTO Track_has_Artist (Track_idTrack, Artist_idArtist) VALUES(51,2);
INSERT INTO Track_has_Artist (Track_idTrack, Artist_idArtist) VALUES(52,2);
INSERT INTO Track_has_Artist (Track_idTrack, Artist_idArtist) VALUES(53,2);
INSERT INTO Track_has_Artist (Track_idTrack, Artist_idArtist) VALUES(54,2);
INSERT INTO Track_has_Artist (Track_idTrack, Artist_idArtist) VALUES(55,2);
INSERT INTO Track_has_Artist (Track_idTrack, Artist_idArtist) VALUES(56,2);
INSERT INTO Track_has_Artist (Track_idTrack, Artist_idArtist) VALUES(57,2);
INSERT INTO Track_has_Artist (Track_idTrack, Artist_idArtist) VALUES(58,2);
INSERT INTO Track_has_Artist (Track_idTrack, Artist_idArtist) VALUES(59,2);
INSERT INTO Track_has_Artist (Track_idTrack, Artist_idArtist) VALUES(60,2);
INSERT INTO Track_has_Artist (Track_idTrack, Artist_idArtist) VALUES(61,2);
INSERT INTO Track_has_Artist (Track_idTrack, Artist_idArtist) VALUES(62,2);
INSERT INTO Track_has_Artist (Track_idTrack, Artist_idArtist) VALUES(63,2);
INSERT INTO Track_has_Artist (Track_idTrack, Artist_idArtist) VALUES(64,2);
INSERT INTO Track_has_Artist (Track_idTrack, Artist_idArtist) VALUES(65,2);
INSERT INTO Track_has_Artist (Track_idTrack, Artist_idArtist) VALUES(66,2);
INSERT INTO Track_has_Artist (Track_idTrack, Artist_idArtist) VALUES(67,2);
INSERT INTO Track_has_Artist (Track_idTrack, Artist_idArtist) VALUES(68,2);
INSERT INTO Track_has_Artist (Track_idTrack, Artist_idArtist) VALUES(69,2);
INSERT INTO Track_has_Artist (Track_idTrack, Artist_idArtist) VALUES(70,2);
INSERT INTO Track_has_Artist (Track_idTrack, Artist_idArtist) VALUES(71,2);
INSERT INTO Track_has_Artist (Track_idTrack, Artist_idArtist) VALUES(72,2);
INSERT INTO Track_has_Artist (Track_idTrack, Artist_idArtist) VALUES(73,2);
INSERT INTO Track_has_Artist (Track_idTrack, Artist_idArtist) VALUES(74,2);
INSERT INTO Track_has_Artist (Track_idTrack, Artist_idArtist) VALUES(75,2);
INSERT INTO Track_has_Artist (Track_idTrack, Artist_idArtist) VALUES(76,2);
INSERT INTO Track_has_Artist (Track_idTrack, Artist_idArtist) VALUES(77,2);
INSERT INTO Track_has_Artist (Track_idTrack, Artist_idArtist) VALUES(78,2);
INSERT INTO Track_has_Artist (Track_idTrack, Artist_idArtist) VALUES(79,2);
INSERT INTO Track_has_Artist (Track_idTrack, Artist_idArtist) VALUES(80,2);
INSERT INTO Track_has_Artist (Track_idTrack, Artist_idArtist) VALUES(81,2);
INSERT INTO Track_has_Artist (Track_idTrack, Artist_idArtist) VALUES(82,2);
INSERT INTO Track_has_Artist (Track_idTrack, Artist_idArtist) VALUES(83,2);
INSERT INTO Track_has_Artist (Track_idTrack, Artist_idArtist) VALUES(84,2);
INSERT INTO Track_has_Artist (Track_idTrack, Artist_idArtist) VALUES(85,2);

INSERT INTO Track_has_Artist (Track_idTrack, Artist_idArtist) VALUES(86,3);
INSERT INTO Track_has_Artist (Track_idTrack, Artist_idArtist) VALUES(87,3);
INSERT INTO Track_has_Artist (Track_idTrack, Artist_idArtist) VALUES(88,3);
INSERT INTO Track_has_Artist (Track_idTrack, Artist_idArtist) VALUES(89,3);
INSERT INTO Track_has_Artist (Track_idTrack, Artist_idArtist) VALUES(90,3);
INSERT INTO Track_has_Artist (Track_idTrack, Artist_idArtist) VALUES(91,3);
INSERT INTO Track_has_Artist (Track_idTrack, Artist_idArtist) VALUES(92,3);
INSERT INTO Track_has_Artist (Track_idTrack, Artist_idArtist) VALUES(93,3);
INSERT INTO Track_has_Artist (Track_idTrack, Artist_idArtist) VALUES(94,3);
INSERT INTO Track_has_Artist (Track_idTrack, Artist_idArtist) VALUES(95,3);
INSERT INTO Track_has_Artist (Track_idTrack, Artist_idArtist) VALUES(96,3);
INSERT INTO Track_has_Artist (Track_idTrack, Artist_idArtist) VALUES(97,3);
INSERT INTO Track_has_Artist (Track_idTrack, Artist_idArtist) VALUES(98,3);
INSERT INTO Track_has_Artist (Track_idTrack, Artist_idArtist) VALUES(99,3);
INSERT INTO Track_has_Artist (Track_idTrack, Artist_idArtist) VALUES(100,3);
INSERT INTO Track_has_Artist (Track_idTrack, Artist_idArtist) VALUES(101,3);
INSERT INTO Track_has_Artist (Track_idTrack, Artist_idArtist) VALUES(102,3);
INSERT INTO Track_has_Artist (Track_idTrack, Artist_idArtist) VALUES(103,3);
INSERT INTO Track_has_Artist (Track_idTrack, Artist_idArtist) VALUES(104,3);
INSERT INTO Track_has_Artist (Track_idTrack, Artist_idArtist) VALUES(105,3);
INSERT INTO Track_has_Artist (Track_idTrack, Artist_idArtist) VALUES(106,3);
INSERT INTO Track_has_Artist (Track_idTrack, Artist_idArtist) VALUES(107,3);
INSERT INTO Track_has_Artist (Track_idTrack, Artist_idArtist) VALUES(108,3);
INSERT INTO Track_has_Artist (Track_idTrack, Artist_idArtist) VALUES(109,3);
INSERT INTO Track_has_Artist (Track_idTrack, Artist_idArtist) VALUES(110,3);
INSERT INTO Track_has_Artist (Track_idTrack, Artist_idArtist) VALUES(111,3);
INSERT INTO Track_has_Artist (Track_idTrack, Artist_idArtist) VALUES(112,3);
INSERT INTO Track_has_Artist (Track_idTrack, Artist_idArtist) VALUES(113,3);
INSERT INTO Track_has_Artist (Track_idTrack, Artist_idArtist) VALUES(114,3);
INSERT INTO Track_has_Artist (Track_idTrack, Artist_idArtist) VALUES(115,3);
INSERT INTO Track_has_Artist (Track_idTrack, Artist_idArtist) VALUES(116,3);
INSERT INTO Track_has_Artist (Track_idTrack, Artist_idArtist) VALUES(117,3);
INSERT INTO Track_has_Artist (Track_idTrack, Artist_idArtist) VALUES(118,3);
INSERT INTO Track_has_Artist (Track_idTrack, Artist_idArtist) VALUES(119,3);
INSERT INTO Track_has_Artist (Track_idTrack, Artist_idArtist) VALUES(120,3);
INSERT INTO Track_has_Artist (Track_idTrack, Artist_idArtist) VALUES(121,3);
INSERT INTO Track_has_Artist (Track_idTrack, Artist_idArtist) VALUES(122,3);
INSERT INTO Track_has_Artist (Track_idTrack, Artist_idArtist) VALUES(123,3);
INSERT INTO Track_has_Artist (Track_idTrack, Artist_idArtist) VALUES(124,3);
INSERT INTO Track_has_Artist (Track_idTrack, Artist_idArtist) VALUES(125,3);
INSERT INTO Track_has_Artist (Track_idTrack, Artist_idArtist) VALUES(126,3);
INSERT INTO Track_has_Artist (Track_idTrack, Artist_idArtist) VALUES(127,3);
INSERT INTO Track_has_Artist (Track_idTrack, Artist_idArtist) VALUES(128,3);
INSERT INTO Track_has_Artist (Track_idTrack, Artist_idArtist) VALUES(129,3);
INSERT INTO Track_has_Artist (Track_idTrack, Artist_idArtist) VALUES(130,3);
INSERT INTO Track_has_Artist (Track_idTrack, Artist_idArtist) VALUES(131,3);
INSERT INTO Track_has_Artist (Track_idTrack, Artist_idArtist) VALUES(132,3);
INSERT INTO Track_has_Artist (Track_idTrack, Artist_idArtist) VALUES(134,3);
INSERT INTO Track_has_Artist (Track_idTrack, Artist_idArtist) VALUES(135,3);
INSERT INTO Track_has_Artist (Track_idTrack, Artist_idArtist) VALUES(136,3);
INSERT INTO Track_has_Artist (Track_idTrack, Artist_idArtist) VALUES(137,3);
INSERT INTO Track_has_Artist (Track_idTrack, Artist_idArtist) VALUES(138,3);
INSERT INTO Track_has_Artist (Track_idTrack, Artist_idArtist) VALUES(139,3);
INSERT INTO Track_has_Artist (Track_idTrack, Artist_idArtist) VALUES(140,3);
INSERT INTO Track_has_Artist (Track_idTrack, Artist_idArtist) VALUES(141,3);

-- Tracks to Genres
INSERT INTO Track_has_Genre (Track_idTrack, Genre_idGenre) VALUES (2, 1);
INSERT INTO Track_has_Genre (Track_idTrack, Genre_idGenre) VALUES (2, 2);
INSERT INTO Track_has_Genre (Track_idTrack, Genre_idGenre) VALUES (3, 1);
INSERT INTO Track_has_Genre (Track_idTrack, Genre_idGenre) VALUES (3, 2);
INSERT INTO Track_has_Genre (Track_idTrack, Genre_idGenre) VALUES (4, 1);
INSERT INTO Track_has_Genre (Track_idTrack, Genre_idGenre) VALUES (4, 2);
INSERT INTO Track_has_Genre (Track_idTrack, Genre_idGenre) VALUES (5, 1);
INSERT INTO Track_has_Genre (Track_idTrack, Genre_idGenre) VALUES (5, 2);
INSERT INTO Track_has_Genre (Track_idTrack, Genre_idGenre) VALUES (6, 1);
INSERT INTO Track_has_Genre (Track_idTrack, Genre_idGenre) VALUES (6, 2);
INSERT INTO Track_has_Genre (Track_idTrack, Genre_idGenre) VALUES (7, 1);
INSERT INTO Track_has_Genre (Track_idTrack, Genre_idGenre) VALUES (7, 2);
INSERT INTO Track_has_Genre (Track_idTrack, Genre_idGenre) VALUES (8, 1);
INSERT INTO Track_has_Genre (Track_idTrack, Genre_idGenre) VALUES (8, 2);
INSERT INTO Track_has_Genre (Track_idTrack, Genre_idGenre) VALUES (9, 1);
INSERT INTO Track_has_Genre (Track_idTrack, Genre_idGenre) VALUES (9, 2);
INSERT INTO Track_has_Genre (Track_idTrack, Genre_idGenre) VALUES (10, 1);
INSERT INTO Track_has_Genre (Track_idTrack, Genre_idGenre) VALUES (10, 2);
INSERT INTO Track_has_Genre (Track_idTrack, Genre_idGenre) VALUES (11, 1);
INSERT INTO Track_has_Genre (Track_idTrack, Genre_idGenre) VALUES (11, 2);
INSERT INTO Track_has_Genre (Track_idTrack, Genre_idGenre) VALUES (12, 1);
INSERT INTO Track_has_Genre (Track_idTrack, Genre_idGenre) VALUES (12, 2);
INSERT INTO Track_has_Genre (Track_idTrack, Genre_idGenre) VALUES (13, 1);
INSERT INTO Track_has_Genre (Track_idTrack, Genre_idGenre) VALUES (13, 2);
INSERT INTO Track_has_Genre (Track_idTrack, Genre_idGenre) VALUES (14, 1);
INSERT INTO Track_has_Genre (Track_idTrack, Genre_idGenre) VALUES (14, 2);
INSERT INTO Track_has_Genre (Track_idTrack, Genre_idGenre) VALUES (15, 1);
INSERT INTO Track_has_Genre (Track_idTrack, Genre_idGenre) VALUES (15, 2);
INSERT INTO Track_has_Genre (Track_idTrack, Genre_idGenre) VALUES (16, 1);
INSERT INTO Track_has_Genre (Track_idTrack, Genre_idGenre) VALUES (16, 2);
INSERT INTO Track_has_Genre (Track_idTrack, Genre_idGenre) VALUES (17, 1);
INSERT INTO Track_has_Genre (Track_idTrack, Genre_idGenre) VALUES (17, 2);
INSERT INTO Track_has_Genre (Track_idTrack, Genre_idGenre) VALUES (18, 1);
INSERT INTO Track_has_Genre (Track_idTrack, Genre_idGenre) VALUES (18, 2);
INSERT INTO Track_has_Genre (Track_idTrack, Genre_idGenre) VALUES (19, 1);
INSERT INTO Track_has_Genre (Track_idTrack, Genre_idGenre) VALUES (19, 2);
INSERT INTO Track_has_Genre (Track_idTrack, Genre_idGenre) VALUES (20, 1);
INSERT INTO Track_has_Genre (Track_idTrack, Genre_idGenre) VALUES (20, 2);
INSERT INTO Track_has_Genre (Track_idTrack, Genre_idGenre) VALUES (21, 1);
INSERT INTO Track_has_Genre (Track_idTrack, Genre_idGenre) VALUES (21, 2);
INSERT INTO Track_has_Genre (Track_idTrack, Genre_idGenre) VALUES (22, 1);
INSERT INTO Track_has_Genre (Track_idTrack, Genre_idGenre) VALUES (22, 2);
INSERT INTO Track_has_Genre (Track_idTrack, Genre_idGenre) VALUES (23, 1);
INSERT INTO Track_has_Genre (Track_idTrack, Genre_idGenre) VALUES (23, 2);
INSERT INTO Track_has_Genre (Track_idTrack, Genre_idGenre) VALUES (24, 1);
INSERT INTO Track_has_Genre (Track_idTrack, Genre_idGenre) VALUES (24, 2);
INSERT INTO Track_has_Genre (Track_idTrack, Genre_idGenre) VALUES (25, 1);
INSERT INTO Track_has_Genre (Track_idTrack, Genre_idGenre) VALUES (25, 2);
INSERT INTO Track_has_Genre (Track_idTrack, Genre_idGenre) VALUES (26, 1);
INSERT INTO Track_has_Genre (Track_idTrack, Genre_idGenre) VALUES (26, 2);
INSERT INTO Track_has_Genre (Track_idTrack, Genre_idGenre) VALUES (27, 1);
INSERT INTO Track_has_Genre (Track_idTrack, Genre_idGenre) VALUES (27, 2);
INSERT INTO Track_has_Genre (Track_idTrack, Genre_idGenre) VALUES (28, 1);
INSERT INTO Track_has_Genre (Track_idTrack, Genre_idGenre) VALUES (28, 2);
INSERT INTO Track_has_Genre (Track_idTrack, Genre_idGenre) VALUES (29, 1);
INSERT INTO Track_has_Genre (Track_idTrack, Genre_idGenre) VALUES (29, 2);
INSERT INTO Track_has_Genre (Track_idTrack, Genre_idGenre) VALUES (30, 1);
INSERT INTO Track_has_Genre (Track_idTrack, Genre_idGenre) VALUES (30, 2);
INSERT INTO Track_has_Genre (Track_idTrack, Genre_idGenre) VALUES (31, 1);
INSERT INTO Track_has_Genre (Track_idTrack, Genre_idGenre) VALUES (31, 2);
INSERT INTO Track_has_Genre (Track_idTrack, Genre_idGenre) VALUES (32, 1);
INSERT INTO Track_has_Genre (Track_idTrack, Genre_idGenre) VALUES (32, 2);
INSERT INTO Track_has_Genre (Track_idTrack, Genre_idGenre) VALUES (33, 1);
INSERT INTO Track_has_Genre (Track_idTrack, Genre_idGenre) VALUES (33, 2);
INSERT INTO Track_has_Genre (Track_idTrack, Genre_idGenre) VALUES (34, 1);
INSERT INTO Track_has_Genre (Track_idTrack, Genre_idGenre) VALUES (34, 2);
INSERT INTO Track_has_Genre (Track_idTrack, Genre_idGenre) VALUES (35, 1);
INSERT INTO Track_has_Genre (Track_idTrack, Genre_idGenre) VALUES (35, 2);
INSERT INTO Track_has_Genre (Track_idTrack, Genre_idGenre) VALUES (36, 1);
INSERT INTO Track_has_Genre (Track_idTrack, Genre_idGenre) VALUES (36, 2);
INSERT INTO Track_has_Genre (Track_idTrack, Genre_idGenre) VALUES (37, 1);
INSERT INTO Track_has_Genre (Track_idTrack, Genre_idGenre) VALUES (37, 2);
INSERT INTO Track_has_Genre (Track_idTrack, Genre_idGenre) VALUES (38, 1);
INSERT INTO Track_has_Genre (Track_idTrack, Genre_idGenre) VALUES (38, 2);
INSERT INTO Track_has_Genre (Track_idTrack, Genre_idGenre) VALUES (39, 1);
INSERT INTO Track_has_Genre (Track_idTrack, Genre_idGenre) VALUES (39, 2);
INSERT INTO Track_has_Genre (Track_idTrack, Genre_idGenre) VALUES (40, 1);
INSERT INTO Track_has_Genre (Track_idTrack, Genre_idGenre) VALUES (40, 2);
INSERT INTO Track_has_Genre (Track_idTrack, Genre_idGenre) VALUES (41, 1);
INSERT INTO Track_has_Genre (Track_idTrack, Genre_idGenre) VALUES (41, 2);
INSERT INTO Track_has_Genre (Track_idTrack, Genre_idGenre) VALUES (42, 1);
INSERT INTO Track_has_Genre (Track_idTrack, Genre_idGenre) VALUES (42, 2);
INSERT INTO Track_has_Genre (Track_idTrack, Genre_idGenre) VALUES (43, 1);
INSERT INTO Track_has_Genre (Track_idTrack, Genre_idGenre) VALUES (43, 2);
INSERT INTO Track_has_Genre (Track_idTrack, Genre_idGenre) VALUES (44, 1);
INSERT INTO Track_has_Genre (Track_idTrack, Genre_idGenre) VALUES (44, 2);
INSERT INTO Track_has_Genre (Track_idTrack, Genre_idGenre) VALUES (45, 1);
INSERT INTO Track_has_Genre (Track_idTrack, Genre_idGenre) VALUES (45, 2);
INSERT INTO Track_has_Genre (Track_idTrack, Genre_idGenre) VALUES (46, 1);
INSERT INTO Track_has_Genre (Track_idTrack, Genre_idGenre) VALUES (46, 2);
INSERT INTO Track_has_Genre (Track_idTrack, Genre_idGenre) VALUES (47, 1);
INSERT INTO Track_has_Genre (Track_idTrack, Genre_idGenre) VALUES (47, 2);
INSERT INTO Track_has_Genre (Track_idTrack, Genre_idGenre) VALUES (48, 1);
INSERT INTO Track_has_Genre (Track_idTrack, Genre_idGenre) VALUES (48, 2);
INSERT INTO Track_has_Genre (Track_idTrack, Genre_idGenre) VALUES (49, 1);
INSERT INTO Track_has_Genre (Track_idTrack, Genre_idGenre) VALUES (49, 2);
INSERT INTO Track_has_Genre (Track_idTrack, Genre_idGenre) VALUES (50, 1);
INSERT INTO Track_has_Genre (Track_idTrack, Genre_idGenre) VALUES (50, 2);
INSERT INTO Track_has_Genre (Track_idTrack, Genre_idGenre) VALUES (51, 1);
INSERT INTO Track_has_Genre (Track_idTrack, Genre_idGenre) VALUES (51, 2);
INSERT INTO Track_has_Genre (Track_idTrack, Genre_idGenre) VALUES (52, 1);
INSERT INTO Track_has_Genre (Track_idTrack, Genre_idGenre) VALUES (52, 2);
INSERT INTO Track_has_Genre (Track_idTrack, Genre_idGenre) VALUES (53, 1);
INSERT INTO Track_has_Genre (Track_idTrack, Genre_idGenre) VALUES (53, 2);
INSERT INTO Track_has_Genre (Track_idTrack, Genre_idGenre) VALUES (54, 1);
INSERT INTO Track_has_Genre (Track_idTrack, Genre_idGenre) VALUES (54, 2);
INSERT INTO Track_has_Genre (Track_idTrack, Genre_idGenre) VALUES (55, 1);
INSERT INTO Track_has_Genre (Track_idTrack, Genre_idGenre) VALUES (55, 2);
INSERT INTO Track_has_Genre (Track_idTrack, Genre_idGenre) VALUES (56, 1);
INSERT INTO Track_has_Genre (Track_idTrack, Genre_idGenre) VALUES (56, 2);
INSERT INTO Track_has_Genre (Track_idTrack, Genre_idGenre) VALUES (57, 1);
INSERT INTO Track_has_Genre (Track_idTrack, Genre_idGenre) VALUES (57, 2);
INSERT INTO Track_has_Genre (Track_idTrack, Genre_idGenre) VALUES (58, 1);
INSERT INTO Track_has_Genre (Track_idTrack, Genre_idGenre) VALUES (58, 2);
INSERT INTO Track_has_Genre (Track_idTrack, Genre_idGenre) VALUES (59, 1);
INSERT INTO Track_has_Genre (Track_idTrack, Genre_idGenre) VALUES (59, 2);
INSERT INTO Track_has_Genre (Track_idTrack, Genre_idGenre) VALUES (60, 1);
INSERT INTO Track_has_Genre (Track_idTrack, Genre_idGenre) VALUES (60, 2);
INSERT INTO Track_has_Genre (Track_idTrack, Genre_idGenre) VALUES (61, 1);
INSERT INTO Track_has_Genre (Track_idTrack, Genre_idGenre) VALUES (61, 2);
INSERT INTO Track_has_Genre (Track_idTrack, Genre_idGenre) VALUES (62, 1);
INSERT INTO Track_has_Genre (Track_idTrack, Genre_idGenre) VALUES (62, 2);
INSERT INTO Track_has_Genre (Track_idTrack, Genre_idGenre) VALUES (63, 1);
INSERT INTO Track_has_Genre (Track_idTrack, Genre_idGenre) VALUES (63, 2);
INSERT INTO Track_has_Genre (Track_idTrack, Genre_idGenre) VALUES (64, 1);
INSERT INTO Track_has_Genre (Track_idTrack, Genre_idGenre) VALUES (64, 2);
INSERT INTO Track_has_Genre (Track_idTrack, Genre_idGenre) VALUES (65, 1);
INSERT INTO Track_has_Genre (Track_idTrack, Genre_idGenre) VALUES (65, 2);
INSERT INTO Track_has_Genre (Track_idTrack, Genre_idGenre) VALUES (66, 1);
INSERT INTO Track_has_Genre (Track_idTrack, Genre_idGenre) VALUES (66, 2);
INSERT INTO Track_has_Genre (Track_idTrack, Genre_idGenre) VALUES (67, 1);
INSERT INTO Track_has_Genre (Track_idTrack, Genre_idGenre) VALUES (67, 2);
INSERT INTO Track_has_Genre (Track_idTrack, Genre_idGenre) VALUES (68, 1);
INSERT INTO Track_has_Genre (Track_idTrack, Genre_idGenre) VALUES (68, 2);
INSERT INTO Track_has_Genre (Track_idTrack, Genre_idGenre) VALUES (69, 1);
INSERT INTO Track_has_Genre (Track_idTrack, Genre_idGenre) VALUES (69, 2);
INSERT INTO Track_has_Genre (Track_idTrack, Genre_idGenre) VALUES (70, 1);
INSERT INTO Track_has_Genre (Track_idTrack, Genre_idGenre) VALUES (70, 2);
INSERT INTO Track_has_Genre (Track_idTrack, Genre_idGenre) VALUES (71, 1);
INSERT INTO Track_has_Genre (Track_idTrack, Genre_idGenre) VALUES (71, 2);
INSERT INTO Track_has_Genre (Track_idTrack, Genre_idGenre) VALUES (72, 1);
INSERT INTO Track_has_Genre (Track_idTrack, Genre_idGenre) VALUES (72, 2);
INSERT INTO Track_has_Genre (Track_idTrack, Genre_idGenre) VALUES (73, 1);
INSERT INTO Track_has_Genre (Track_idTrack, Genre_idGenre) VALUES (73, 2);
INSERT INTO Track_has_Genre (Track_idTrack, Genre_idGenre) VALUES (74, 1);
INSERT INTO Track_has_Genre (Track_idTrack, Genre_idGenre) VALUES (74, 2);
INSERT INTO Track_has_Genre (Track_idTrack, Genre_idGenre) VALUES (75, 1);
INSERT INTO Track_has_Genre (Track_idTrack, Genre_idGenre) VALUES (75, 2);
INSERT INTO Track_has_Genre (Track_idTrack, Genre_idGenre) VALUES (76, 1);
INSERT INTO Track_has_Genre (Track_idTrack, Genre_idGenre) VALUES (76, 2);
INSERT INTO Track_has_Genre (Track_idTrack, Genre_idGenre) VALUES (77, 1);
INSERT INTO Track_has_Genre (Track_idTrack, Genre_idGenre) VALUES (77, 2);
INSERT INTO Track_has_Genre (Track_idTrack, Genre_idGenre) VALUES (78, 1);
INSERT INTO Track_has_Genre (Track_idTrack, Genre_idGenre) VALUES (78, 2);
INSERT INTO Track_has_Genre (Track_idTrack, Genre_idGenre) VALUES (79, 1);
INSERT INTO Track_has_Genre (Track_idTrack, Genre_idGenre) VALUES (79, 2);
INSERT INTO Track_has_Genre (Track_idTrack, Genre_idGenre) VALUES (80, 1);
INSERT INTO Track_has_Genre (Track_idTrack, Genre_idGenre) VALUES (80, 2);
INSERT INTO Track_has_Genre (Track_idTrack, Genre_idGenre) VALUES (81, 1);
INSERT INTO Track_has_Genre (Track_idTrack, Genre_idGenre) VALUES (81, 2);
INSERT INTO Track_has_Genre (Track_idTrack, Genre_idGenre) VALUES (82, 1);
INSERT INTO Track_has_Genre (Track_idTrack, Genre_idGenre) VALUES (82, 2);
INSERT INTO Track_has_Genre (Track_idTrack, Genre_idGenre) VALUES (83, 1);
INSERT INTO Track_has_Genre (Track_idTrack, Genre_idGenre) VALUES (83, 2);
INSERT INTO Track_has_Genre (Track_idTrack, Genre_idGenre) VALUES (84, 1);
INSERT INTO Track_has_Genre (Track_idTrack, Genre_idGenre) VALUES (84, 2);
INSERT INTO Track_has_Genre (Track_idTrack, Genre_idGenre) VALUES (85, 1);
INSERT INTO Track_has_Genre (Track_idTrack, Genre_idGenre) VALUES (85, 2);
INSERT INTO Track_has_Genre (Track_idTrack, Genre_idGenre) VALUES (86, 1);
INSERT INTO Track_has_Genre (Track_idTrack, Genre_idGenre) VALUES (86, 2);
INSERT INTO Track_has_Genre (Track_idTrack, Genre_idGenre) VALUES (87, 1);
INSERT INTO Track_has_Genre (Track_idTrack, Genre_idGenre) VALUES (87, 2);
INSERT INTO Track_has_Genre (Track_idTrack, Genre_idGenre) VALUES (88, 1);
INSERT INTO Track_has_Genre (Track_idTrack, Genre_idGenre) VALUES (88, 2);
INSERT INTO Track_has_Genre (Track_idTrack, Genre_idGenre) VALUES (89, 1);
INSERT INTO Track_has_Genre (Track_idTrack, Genre_idGenre) VALUES (89, 2);
INSERT INTO Track_has_Genre (Track_idTrack, Genre_idGenre) VALUES (90, 1);
INSERT INTO Track_has_Genre (Track_idTrack, Genre_idGenre) VALUES (90, 2);
INSERT INTO Track_has_Genre (Track_idTrack, Genre_idGenre) VALUES (91, 1);
INSERT INTO Track_has_Genre (Track_idTrack, Genre_idGenre) VALUES (91, 2);
INSERT INTO Track_has_Genre (Track_idTrack, Genre_idGenre) VALUES (92, 1);
INSERT INTO Track_has_Genre (Track_idTrack, Genre_idGenre) VALUES (92, 2);
INSERT INTO Track_has_Genre (Track_idTrack, Genre_idGenre) VALUES (93, 1);
INSERT INTO Track_has_Genre (Track_idTrack, Genre_idGenre) VALUES (93, 2);
INSERT INTO Track_has_Genre (Track_idTrack, Genre_idGenre) VALUES (94, 1);
INSERT INTO Track_has_Genre (Track_idTrack, Genre_idGenre) VALUES (94, 2);
INSERT INTO Track_has_Genre (Track_idTrack, Genre_idGenre) VALUES (95, 1);
INSERT INTO Track_has_Genre (Track_idTrack, Genre_idGenre) VALUES (95, 2);
INSERT INTO Track_has_Genre (Track_idTrack, Genre_idGenre) VALUES (96, 1);
INSERT INTO Track_has_Genre (Track_idTrack, Genre_idGenre) VALUES (96, 2);
INSERT INTO Track_has_Genre (Track_idTrack, Genre_idGenre) VALUES (97, 1);
INSERT INTO Track_has_Genre (Track_idTrack, Genre_idGenre) VALUES (97, 2);
INSERT INTO Track_has_Genre (Track_idTrack, Genre_idGenre) VALUES (98, 1);
INSERT INTO Track_has_Genre (Track_idTrack, Genre_idGenre) VALUES (98, 2);
INSERT INTO Track_has_Genre (Track_idTrack, Genre_idGenre) VALUES (99, 1);
INSERT INTO Track_has_Genre (Track_idTrack, Genre_idGenre) VALUES (99, 2);
INSERT INTO Track_has_Genre (Track_idTrack, Genre_idGenre) VALUES (100, 1);
INSERT INTO Track_has_Genre (Track_idTrack, Genre_idGenre) VALUES (100, 2);
INSERT INTO Track_has_Genre (Track_idTrack, Genre_idGenre) VALUES (101, 1);
INSERT INTO Track_has_Genre (Track_idTrack, Genre_idGenre) VALUES (101, 2);
INSERT INTO Track_has_Genre (Track_idTrack, Genre_idGenre) VALUES (102, 1);
INSERT INTO Track_has_Genre (Track_idTrack, Genre_idGenre) VALUES (102, 2);
INSERT INTO Track_has_Genre (Track_idTrack, Genre_idGenre) VALUES (103, 1);
INSERT INTO Track_has_Genre (Track_idTrack, Genre_idGenre) VALUES (103, 2);
INSERT INTO Track_has_Genre (Track_idTrack, Genre_idGenre) VALUES (104, 1);
INSERT INTO Track_has_Genre (Track_idTrack, Genre_idGenre) VALUES (104, 2);
INSERT INTO Track_has_Genre (Track_idTrack, Genre_idGenre) VALUES (105, 1);
INSERT INTO Track_has_Genre (Track_idTrack, Genre_idGenre) VALUES (105, 2);
INSERT INTO Track_has_Genre (Track_idTrack, Genre_idGenre) VALUES (106, 1);
INSERT INTO Track_has_Genre (Track_idTrack, Genre_idGenre) VALUES (106, 2);
INSERT INTO Track_has_Genre (Track_idTrack, Genre_idGenre) VALUES (107, 1);
INSERT INTO Track_has_Genre (Track_idTrack, Genre_idGenre) VALUES (107, 2);
INSERT INTO Track_has_Genre (Track_idTrack, Genre_idGenre) VALUES (108, 1);
INSERT INTO Track_has_Genre (Track_idTrack, Genre_idGenre) VALUES (108, 2);
INSERT INTO Track_has_Genre (Track_idTrack, Genre_idGenre) VALUES (109, 1);
INSERT INTO Track_has_Genre (Track_idTrack, Genre_idGenre) VALUES (109, 2);
INSERT INTO Track_has_Genre (Track_idTrack, Genre_idGenre) VALUES (110, 1);
INSERT INTO Track_has_Genre (Track_idTrack, Genre_idGenre) VALUES (110, 2);
INSERT INTO Track_has_Genre (Track_idTrack, Genre_idGenre) VALUES (111, 1);
INSERT INTO Track_has_Genre (Track_idTrack, Genre_idGenre) VALUES (111, 2);
INSERT INTO Track_has_Genre (Track_idTrack, Genre_idGenre) VALUES (112, 1);
INSERT INTO Track_has_Genre (Track_idTrack, Genre_idGenre) VALUES (112, 2);
INSERT INTO Track_has_Genre (Track_idTrack, Genre_idGenre) VALUES (113, 1);
INSERT INTO Track_has_Genre (Track_idTrack, Genre_idGenre) VALUES (113, 2);
INSERT INTO Track_has_Genre (Track_idTrack, Genre_idGenre) VALUES (114, 1);
INSERT INTO Track_has_Genre (Track_idTrack, Genre_idGenre) VALUES (114, 2);
INSERT INTO Track_has_Genre (Track_idTrack, Genre_idGenre) VALUES (115, 1);
INSERT INTO Track_has_Genre (Track_idTrack, Genre_idGenre) VALUES (115, 2);
INSERT INTO Track_has_Genre (Track_idTrack, Genre_idGenre) VALUES (116, 1);
INSERT INTO Track_has_Genre (Track_idTrack, Genre_idGenre) VALUES (116, 2);
INSERT INTO Track_has_Genre (Track_idTrack, Genre_idGenre) VALUES (117, 1);
INSERT INTO Track_has_Genre (Track_idTrack, Genre_idGenre) VALUES (117, 2);
INSERT INTO Track_has_Genre (Track_idTrack, Genre_idGenre) VALUES (118, 1);
INSERT INTO Track_has_Genre (Track_idTrack, Genre_idGenre) VALUES (118, 2);
INSERT INTO Track_has_Genre (Track_idTrack, Genre_idGenre) VALUES (119, 1);
INSERT INTO Track_has_Genre (Track_idTrack, Genre_idGenre) VALUES (119, 2);
INSERT INTO Track_has_Genre (Track_idTrack, Genre_idGenre) VALUES (120, 1);
INSERT INTO Track_has_Genre (Track_idTrack, Genre_idGenre) VALUES (120, 2);
INSERT INTO Track_has_Genre (Track_idTrack, Genre_idGenre) VALUES (121, 1);
INSERT INTO Track_has_Genre (Track_idTrack, Genre_idGenre) VALUES (121, 2);
INSERT INTO Track_has_Genre (Track_idTrack, Genre_idGenre) VALUES (122, 1);
INSERT INTO Track_has_Genre (Track_idTrack, Genre_idGenre) VALUES (122, 2);
INSERT INTO Track_has_Genre (Track_idTrack, Genre_idGenre) VALUES (123, 1);
INSERT INTO Track_has_Genre (Track_idTrack, Genre_idGenre) VALUES (123, 2);
INSERT INTO Track_has_Genre (Track_idTrack, Genre_idGenre) VALUES (124, 1);
INSERT INTO Track_has_Genre (Track_idTrack, Genre_idGenre) VALUES (124, 2);
INSERT INTO Track_has_Genre (Track_idTrack, Genre_idGenre) VALUES (125, 1);
INSERT INTO Track_has_Genre (Track_idTrack, Genre_idGenre) VALUES (125, 2);
INSERT INTO Track_has_Genre (Track_idTrack, Genre_idGenre) VALUES (126, 1);
INSERT INTO Track_has_Genre (Track_idTrack, Genre_idGenre) VALUES (126, 2);
INSERT INTO Track_has_Genre (Track_idTrack, Genre_idGenre) VALUES (127, 1);
INSERT INTO Track_has_Genre (Track_idTrack, Genre_idGenre) VALUES (127, 2);
INSERT INTO Track_has_Genre (Track_idTrack, Genre_idGenre) VALUES (128, 1);
INSERT INTO Track_has_Genre (Track_idTrack, Genre_idGenre) VALUES (128, 2);
INSERT INTO Track_has_Genre (Track_idTrack, Genre_idGenre) VALUES (129, 1);
INSERT INTO Track_has_Genre (Track_idTrack, Genre_idGenre) VALUES (129, 2);
INSERT INTO Track_has_Genre (Track_idTrack, Genre_idGenre) VALUES (130, 1);
INSERT INTO Track_has_Genre (Track_idTrack, Genre_idGenre) VALUES (130, 2);
INSERT INTO Track_has_Genre (Track_idTrack, Genre_idGenre) VALUES (131, 1);
INSERT INTO Track_has_Genre (Track_idTrack, Genre_idGenre) VALUES (131, 2);
INSERT INTO Track_has_Genre (Track_idTrack, Genre_idGenre) VALUES (132, 1);
INSERT INTO Track_has_Genre (Track_idTrack, Genre_idGenre) VALUES (132, 2);
INSERT INTO Track_has_Genre (Track_idTrack, Genre_idGenre) VALUES (133, 1);
INSERT INTO Track_has_Genre (Track_idTrack, Genre_idGenre) VALUES (133, 2);
INSERT INTO Track_has_Genre (Track_idTrack, Genre_idGenre) VALUES (134, 1);
INSERT INTO Track_has_Genre (Track_idTrack, Genre_idGenre) VALUES (134, 2);
INSERT INTO Track_has_Genre (Track_idTrack, Genre_idGenre) VALUES (135, 1);
INSERT INTO Track_has_Genre (Track_idTrack, Genre_idGenre) VALUES (135, 2);
INSERT INTO Track_has_Genre (Track_idTrack, Genre_idGenre) VALUES (136, 1);
INSERT INTO Track_has_Genre (Track_idTrack, Genre_idGenre) VALUES (136, 2);
INSERT INTO Track_has_Genre (Track_idTrack, Genre_idGenre) VALUES (137, 1);
INSERT INTO Track_has_Genre (Track_idTrack, Genre_idGenre) VALUES (137, 2);
INSERT INTO Track_has_Genre (Track_idTrack, Genre_idGenre) VALUES (138, 1);
INSERT INTO Track_has_Genre (Track_idTrack, Genre_idGenre) VALUES (138, 2);
INSERT INTO Track_has_Genre (Track_idTrack, Genre_idGenre) VALUES (139, 1);
INSERT INTO Track_has_Genre (Track_idTrack, Genre_idGenre) VALUES (139, 2);
INSERT INTO Track_has_Genre (Track_idTrack, Genre_idGenre) VALUES (140, 1);
INSERT INTO Track_has_Genre (Track_idTrack, Genre_idGenre) VALUES (140, 2);
INSERT INTO Track_has_Genre (Track_idTrack, Genre_idGenre) VALUES (141, 1);
INSERT INTO Track_has_Genre (Track_idTrack, Genre_idGenre) VALUES (141, 2);

-- FILL USERS
INSERT INTO User (Login, Password, Permission) VALUES("user1", "user", 1);
INSERT INTO User (Login, Password, Permission) VALUES("user2", "user", 1);
INSERT INTO User (Login, Password, Permission) VALUES("user3", "user", 1);
INSERT INTO User (Login, Password, Permission) VALUES("moder1", "moder", 2);
INSERT INTO User (Login, Password, Permission) VALUES("admin", "root", 3);

-- FILL PLAYLISTS
INSERT INTO Playlist (Title, User_idUser) VALUES("Playlist 1", 1);
INSERT INTO Playlist (Title, User_idUser) VALUES("Playlist 2", 2);
INSERT INTO Playlist (Title, User_idUser) VALUES("Playlist 3", 3);

-- Tracks to playlists
INSERT INTO Playlist_has_Track (Track_idTrack, Playlist_idPlaylist) VALUES (2,1);
INSERT INTO Playlist_has_Track (Track_idTrack, Playlist_idPlaylist) VALUES (3,1);
INSERT INTO Playlist_has_Track (Track_idTrack, Playlist_idPlaylist) VALUES (4,1);
INSERT INTO Playlist_has_Track (Track_idTrack, Playlist_idPlaylist) VALUES (5,1);
INSERT INTO Playlist_has_Track (Track_idTrack, Playlist_idPlaylist) VALUES (6,1);

INSERT INTO Playlist_has_Track (Track_idTrack, Playlist_idPlaylist) VALUES (10,2);
INSERT INTO Playlist_has_Track (Track_idTrack, Playlist_idPlaylist) VALUES (12,2);
INSERT INTO Playlist_has_Track (Track_idTrack, Playlist_idPlaylist) VALUES (13,2);
INSERT INTO Playlist_has_Track (Track_idTrack, Playlist_idPlaylist) VALUES (14,2);
INSERT INTO Playlist_has_Track (Track_idTrack, Playlist_idPlaylist) VALUES (15,2);

INSERT INTO Playlist_has_Track (Track_idTrack, Playlist_idPlaylist) VALUES (21,3);
INSERT INTO Playlist_has_Track (Track_idTrack, Playlist_idPlaylist) VALUES (22,3);
INSERT INTO Playlist_has_Track (Track_idTrack, Playlist_idPlaylist) VALUES (23,3);
INSERT INTO Playlist_has_Track (Track_idTrack, Playlist_idPlaylist) VALUES (24,3);
INSERT INTO Playlist_has_Track (Track_idTrack, Playlist_idPlaylist) VALUES (25,3);